"Sygnatura czasowa","Czy zgadasz się wziąć udział w badaniu?","Czy masz jakiekolwiek choroby/wady słuchu?","Płeć","Jaki jest twój kierunek studiów?","Jeśli chcesz poznać wynik badania, proszę podać niżej swojego maila.","Oceń swój nastrój na podanej skali.","Jak rozumiesz cel tego badania?","Osoba rekrutująca","Przeprowadził/ła badanie","Data","Uwagi"
"2019/04/15 9:07:55 AM GMT","Wyrażam zgodzę","Nie, nie mam.","Mężczyzna","Grafika","kubasmo146@gmail.com","7","Nie mam pojęcia. Wpływ muzyki na nastrój? ","Tomek","Kuba","2019-04-15",""
"2019/04/15 9:40:06 AM GMT","Wyrażam zgodzę","Nie, nie mam.","Kobieta","Dziennikarstwo","ola.dytko@icloud.com","8","jako sprawdzenie słuchu","Tomek","Kuba","2019-04-15",""
"2019/04/15 10:10:12 AM GMT","Wyrażam zgodzę","Nie, nie mam.","Kobieta","Psychologia","msikora19@st.swps.edu.pl","9","relacja pomiędzy bodźcami zewnętrznymi a samopoczuciem
","Tomek","Bogdan","2019-04-15",""
"2019/04/15 10:18:48 AM GMT","Wyrażam zgodzę","Nie, nie mam.","Kobieta","Psychologia","","3","Wpływ dźwięku na funkcjonowanie organizmu.","Tomek","Bogdan","2019-04-15",""
"2019/04/15 10:29:40 AM GMT","Wyrażam zgodzę","Nie, nie mam.","Mężczyzna","Psychologia","jmehr@st.swps.edu.pl","7","wpływ muzyki na nastrój","Marzena","Bogdan","2019-04-15",""
"2019/04/15 11:20:14 AM GMT","Wyrażam zgodzę","Nie, nie mam.","Kobieta","Grafika","","10","reakcja organizmu na odczucia muzyczne","Marzena","Bogdan","2019-04-15",""
"2019/04/15 11:39:04 AM GMT","Wyrażam zgodzę","Nie, nie mam.","Kobieta","Psychologia","","8","Pozwala ono dowiedzieć się o tym, jak muzyka może wpłynąć na nasze uczucia czysto związane z biologią, nie tylko z emocjami, które w nas rodzi.","Marzena","Bogdan","2019-04-15",""
"2019/04/15 11:53:22 AM GMT","Wyrażam zgodzę","Nie, nie mam.","Kobieta","Psychologia","","9","niedokończona gama jak wpływa na nasze samopoczucir","Marzena","Bogdan","2019-04-15","5 rok studiów psy?"
"2019/04/15 12:21:37 PM GMT","Wyrażam zgodzę","Nie, nie mam.","Mężczyzna","Komunikacja i media","","7","Wpływ muzyki na przewodnictwo skóry.","Marzena","Bogdan","2019-04-15","ukr"
"2019/04/15 12:36:14 PM GMT","Wyrażam zgodzę","Nie, nie mam.","Kobieta","Psychologia","gziala@st.swps.edu.pl","5","sprawdzanie temperatury mojego ciała","Marzena","Bogdan","2019-04-15",""
"2019/04/16 10:49:14 AM GMT","Wyrażam zgodzę","Nie, nie mam.","Kobieta","Psychologia","nkosinska2@st.swps.edu.pl","7","nie rozmiem","Tomek","Kuba","2019-04-16",""
"2019/04/16 11:21:51 AM GMT","Wyrażam zgodzę","Nie, nie mam.","Kobieta","Psychologia","amazur38@st.swps.edu.pl","5","relaksująca muzyka wpływa na mój nastrój","Tomek","Tomek","2019-04-16",""
"2019/04/16 12:13:28 PM GMT","Wyrażam zgodzę","Nie, nie mam.","Kobieta","Psychologia","","7","Celem jest sprawdzenie jak muzyka relaksująca wpływa na nas","Tomek","Kuba","2019-04-16",""
"2019/04/16 12:16:27 PM GMT","Wyrażam zgodzę","Nie, nie mam.","Kobieta","Psychologia","","4","tak","Tomek","Kuba","2019-04-16",""
"2019/04/16 12:42:27 PM GMT","Wyrażam zgodzę","Nie, nie mam.","Kobieta","Psychologia","agata.pawlik16@op.pl","6","Nastrój a wpływ muzyki","Tomek","Kuba","2019-04-16",""
"2019/04/16 12:59:23 PM GMT","Wyrażam zgodzę","Nie, nie mam.","Kobieta","Psychologia","amaciantowicz@st.swps.edu.pl","8","zupełnie nie rozumiem","Tomek","Kuba","2019-04-16",""
"2019/04/16 1:03:37 PM GMT","Wyrażam zgodzę","Nie, nie mam.","Kobieta","Psychologia","jkrawczyk5@st.swps.edu.pl","7","Badanie nastroju przy muzyce","Tomek","Kuba","2019-04-16",""
"2019/05/14 10:35:47 AM GMT","Wyrażam zgodzę","Nie, nie mam.","Mężczyzna","Psychologia","","8","Jak symulacja wstępnego przebadania diodami wpływa na późniejsze odczuwanie swojego nastroju","Tomek","Kuba","2019-05-14","Osoba badana domyśliła się najprawdopodobniej, że diody galwanometru są dla zmyłki."
"2019/05/14 10:48:19 AM GMT","Wyrażam zgodzę","Nie, nie mam.","Kobieta","Ekonomia","","5","badanie ma na celu sprawdzenie mojej reakcji na dany bodziec jakim w tym przypadku była muzyka","Tomek","Kuba","2019-05-14",""
"2019/05/14 11:23:21 AM GMT","Wyrażam zgodzę","Nie, nie mam.","Mężczyzna","Psychologia","","10","wpływ dzwięku na nastrój","Tomek","Kuba","2019-05-14",""
"2019/05/16 9:26:47 AM GMT","Wyrażam zgodzę","Nie, nie mam.","Kobieta","Psychologia","elemanik@st.swps.edu.pl","9","Wpływ dźwięku na samopoczucie","Bogdan","Kuba","2019-05-16",""
"2019/05/16 10:46:27 AM GMT","Wyrażam zgodzę","Nie, nie mam.","Kobieta","Grafika","julkagorlicka@st.swps.edu.pl","7","nie do końca","Bogdan","Kuba","2019-05-16",""
"2019/05/16 11:45:13 AM GMT","Wyrażam zgodzę","Nie, nie mam.","Mężczyzna","Grafika","bodya.frc@gmail.com","4","w ogóle nie rozumiem, nie przeczutal turorial","Bogdan","Kuba","2019-05-16",""
"2019/05/16 11:58:17 AM GMT","Wyrażam zgodzę","Nie, nie mam.","Kobieta","Psychologia","","6","nie wiem","Bogdan","Kuba","2019-05-16",""
"2019/05/16 12:06:22 PM GMT","Wyrażam zgodzę","Nie, nie mam.","Kobieta","Psychologia","supnataliamatejko@gmail.com","7","Czy dodatkowy bodziec, który może budzić lęk wraz z dziwną muzyką może wpłynąć na nasze zachowanie","Bogdan","Kuba","2019-05-16",""
"2019/05/16 12:22:07 PM GMT","Wyrażam zgodzę","Nie, nie mam.","Mężczyzna","Psychologia","aheczko1@st.swps.edu.pl","4","Wpływ muzyki na ogólny nastrój","Bogdan","Kuba","2019-05-16",""
"2019/05/17 8:42:40 AM GMT","Wyrażam zgodzę","Nie, nie mam.","Kobieta","Psychologia","gam.katarzyna@gmail.com","6","sprawdzenie jaki wplyw maja niskie dzwieki na nastroj","Bogdan","Kuba","2019-05-16",""
"2019/05/17 9:26:50 AM GMT","Wyrażam zgodzę","Nie, nie mam.","Mężczyzna","Logistyka","tomsta98@interia.pl","10","Zmiana nastroju poprzez dzwiek","Bogdan","Kuba","2019-05-16",""
"2019/05/17 10:13:08 AM GMT","Wyrażam zgodzę","Nie, nie mam.","Mężczyzna","Psychologia","","5","Zbadanie wpływu dźwięków na mój nastrój ","Bogdan","Kuba","2019-05-16",""
"2019/05/17 10:15:50 AM GMT","Wyrażam zgodzę","Nie, nie mam.","Mężczyzna","Psychologia","","10","Wpływ skali dzwięków na nastrój","Bogdan","Kuba","2019-05-16",""