"Sygnatura czasowa","Czy zgadasz się wziąć udział w badaniu?","Płeć","Jaki jest twój kierunek studiów?","Jeśli chcesz poznać wynik badania, proszę podać niżej swojego maila.","Oceń swój nastrój na podanej skali.","Jak rozumiesz cel tego badania?","Osoba rekrutująca","Przeprowadził/ła badanie","Data","Uwagi"
"2019/04/15 9:12:40 AM GMT","Wyrażam zgodzę","Kobieta","Grafika","ndzierzynska@st.swps.edu.pl","5","jeszcze nie rozumiem","Tomek","Kuba","2019-04-15",""
"2019/04/15 9:30:49 AM GMT","Wyrażam zgodzę","Kobieta","Dziennikarstwo","","8","Nie rozumiem","Tomek","Kuba","2019-04-15",""
"2019/04/15 9:33:12 AM GMT","Wyrażam zgodzę","Kobieta","Dziennikarstwo","sstolicka@st.swps.edu.pl","8","W jakim jestem nastroju?","Tomek","Kuba","2019-04-15",""
"2019/04/15 9:36:37 AM GMT","Wyrażam zgodzę","Kobieta","Dziennikarstwo","","8","nie","Tomek","Kuba","2019-04-15",""
"2019/04/15 9:56:33 AM GMT","Wyrażam zgodzę","Kobieta","Psychologia","k.starek10@gmail.com","8","Celem jest sprawdzenie jak nastrój wpływa na przewodnictwo skórne.","Tomek","Kuba","2019-04-15",""
"2019/04/15 10:32:16 AM GMT","Wyrażam zgodzę","Mężczyzna","Psychologia","","7","nie","Marzena","Bogdan","2019-04-15",""
"2019/04/15 11:27:39 AM GMT","Wyrażam zgodzę","Mężczyzna","Psychologia","","8","nie za bardzo","Marzena","Bogdan","2019-04-15",""
"2019/04/15 11:34:39 AM GMT","Wyrażam zgodzę","Kobieta","Psychologia","kflorczak1@st.swps.edu.pl","5","reakcja na dźwięk","Marzena","Bogdan","2019-04-15",""
"2019/04/15 12:00:35 PM GMT","Wyrażam zgodzę","Kobieta","Psychologia","","6","badanie reakcji na sygnał dźwiękowy ","Marzena","Bogdan","2019-04-15",""
"2019/04/15 12:32:30 PM GMT","Wyrażam zgodzę","Kobieta","Grafika","m.siuda20@gmail.com","8","nie rozumiem","Marzena","Bogdan","2019-04-15",""
"2019/04/15 1:24:49 PM GMT","Wyrażam zgodzę","Mężczyzna","Psychologia","akalus@st.swps.edu.pl","6","nie rozumiem","Marzena","Bogdan","2019-04-15",""
"2019/04/15 1:29:05 PM GMT","Wyrażam zgodzę","Mężczyzna","Psychologia","mikos.czajka@gmail.com","9","pobudzenie fizjologiczne przy wyciszeniu i spokojnym oddechu","Marzena","Bogdan","2019-04-15",""
"2019/04/15 1:42:24 PM GMT","Wyrażam zgodzę","Kobieta","Psychologia","marcelinakorycka@gmail.com","8","nie rozumiem","Marzena","Bogdan","2019-04-15",""
"2019/04/16 10:57:27 AM GMT","Wyrażam zgodzę","Mężczyzna","Psychologia","defsdm@gmail.com","5","nijak","Tomek","Kuba","2019-04-16",""
"2019/04/16 11:03:14 AM GMT","Wyrażam zgodzę","Mężczyzna","Psychologia","karolbienkowski1d@gmail.com","7","Nijak, szczerze mówiąc","Tomek","Kuba","2019-04-16",""
"2019/04/16 11:26:29 AM GMT","Wyrażam zgodzę","Kobieta","Psychologia","","6","Sprawdzenie samopoczucia.","Tomek","Kuba","2019-04-16",""
"2019/04/16 11:30:43 AM GMT","Wyrażam zgodzę","Mężczyzna","Psychologia","","7","Badanie reakcji fizjologicznych","Tomek","Kuba","2019-04-16",""
"2019/04/16 12:37:35 PM GMT","Wyrażam zgodzę","Mężczyzna","Psychologia","sacywicz@gmail.com","8","Sprawdza zgodność deklarowanego nastroju z warunkami fizycznymi.","Tomek","Kuba","2019-04-16",""
"2019/04/16 12:49:26 PM GMT","Wyrażam zgodzę","Mężczyzna","Psychologia","dmaydanyuk@st.swps.edu.pl","7","sprawdzenie bezacego nastroju","Tomek","Kuba","2019-04-16",""
"2019/05/14 10:24:41 AM GMT","Wyrażam zgodzę","Kobieta","Psychologia","mkubik4@st.swps.edu.pl","8","40 sekund spokoju woływa na nastrój","Tomek","Kuba","2019-05-14",""
"2019/05/14 10:42:29 AM GMT","Wyrażam zgodzę","Kobieta","Psychologia","mkostas@swps.edu.pl","8","zbadanie wpływu odpoczynku na nastrój","Tomek","Kuba","2019-05-14",""
"2019/05/14 11:32:48 AM GMT","Wyrażam zgodzę","Kobieta","Grafika","michalska.agnieszka99@gmail.com","6","Nie rozumiem","Tomek","Kuba","2019-05-14",""
"2019/05/16 9:12:47 AM GMT","Wyrażam zgodzę","Kobieta","Grafika","","7","nie rozumiem","Bogdan","Kuba","2019-05-16",""
"2019/05/16 9:34:13 AM GMT","Wyrażam zgodzę","Kobieta","Absolwentka ekonomii","joanna_nowak@hotmail.com","10","nie rozumiem","Bogdan","Kuba","2019-05-16",""
"2019/05/16 9:48:54 AM GMT","Wyrażam zgodzę","Mężczyzna","Psychologia","michal.sielicki99@gmail.com","7","Sprawdzenie fizjologicznych reakcji na bodźce dźwiękowe","Bogdan","Bogdan","2019-05-16",""
"2019/05/16 10:18:14 AM GMT","Wyrażam zgodzę","Kobieta","Psychologia","jkolcun@st.swps.edu.pl","5","Tak","Kuba","Bogdan","2019-05-16",""
"2019/05/17 8:16:59 AM GMT","Wyrażam zgodzę","Kobieta","Dziennikarstwo","","6","nie rozumiem","Bogdan","Kuba","2019-05-16",""
"2019/05/17 8:57:39 AM GMT","Wyrażam zgodzę","Kobieta","Psychologia","","8","nie wiem","Bogdan","Kuba","2019-05-16",""
"2019/05/17 9:55:33 AM GMT","Wyrażam zgodzę","Kobieta","Komunikacja i media","ceminitey@gmail.com","7","test na stresowanie","Bogdan","Kuba","2019-05-16",""
"2019/05/17 10:40:56 AM GMT","Wyrażam zgodzę","Mężczyzna","Psychologia","","8","nie rozumiem","Bogdan","Kuba","2019-05-16",""