"Sygnatura czasowa","Czy zgadasz się wziąć udział w badaniu?","Płeć","Jaki jest twój kierunek studiów?","Jeśli chcesz poznać wynik badania, proszę podać niżej swojego maila.","Oceń swój nastrój na podanej skali.","Jak rozumiesz cel tego badania?","Osoba rekrutująca","Przeprowadził/ła badanie","Data","Uwagi"
"2019/04/15 8:58:30 AM GMT","Wyrażam zgodzę","Kobieta","Grafika","robsanka@gmail.com","1","nie rozumiem ","Tomek","Kuba","2019-04-15",""
"2019/04/15 9:02:59 AM GMT","Wyrażam zgodzę","Mężczyzna","Grafika","","8","Napięcie skóry twarzy w stosunku do humoru","Tomek","Kuba","2019-04-15",""
"2019/04/15 9:20:08 AM GMT","Wyrażam zgodzę","Kobieta","Psychologia","pmarynika@st.swps.edu.pl","10","poprawa humoru ","Tomek","Kuba","2019-04-15","Osoba bardzo się śmiała- mogło to znacząco wpłynąć na wynik badania"
"2019/04/15 9:26:29 AM GMT","Wyrażam zgodzę","Kobieta","Grafika","","9","Słyszałam, że badanie ma na celu zbadanie napięcia skóry","Tomek","Kuba","2019-04-15",""
"2019/04/15 10:13:40 AM GMT","Wyrażam zgodzę","Kobieta","Psychologia","ewozniak2@st.swps.edu.pl","7","taki jak z tym ołówkiem w ustach","Tomek","Bogdan","2019-04-15",""
"2019/04/15 10:25:14 AM GMT","Wyrażam zgodzę","Mężczyzna","Psychologia","mgora4@st.swps.edu.pl","8","sprzężenie zwrotne nastroju z napięciem mięśni ","Marzena","Bogdan","2019-04-15",""
"2019/04/15 11:16:34 AM GMT","Wyrażam zgodzę","Kobieta","Komunikacja i media","basia.zakrzewska@onet.eu","7","wpływ dźwięku na nasze ruchy","Marzena","Bogdan","2019-04-15",""
"2019/04/15 11:49:25 AM GMT","Wyrażam zgodzę","Kobieta","Psychologia","","8","sprawdzenie jak ciało reaguje na dżwięki","Marzena","Bogdan","2019-04-15",""
"2019/04/15 12:27:36 PM GMT","Wyrażam zgodzę","Kobieta","Grafika","inka1-1996@o2.pl","7","badanie zachowań/nastroju ","Marzena","Bogdan","2019-04-15",""
"2019/04/15 1:47:19 PM GMT","Wyrażam zgodzę","Kobieta","Psychologia","t99marta@o2.pl","5","nie rozumiem","Marzena","Bogdan","2019-04-15",""
"2019/04/16 10:44:53 AM GMT","Wyrażam zgodzę","Kobieta","Psychologia","oivanova3@st.swps.edu.pl","8","czy rozruch mięśni wpływa na humor","Tomek","Kuba","2019-04-16",""
"2019/04/16 11:39:04 AM GMT","Wyrażam zgodzę","Kobieta","Psychologia","hzaleskiewicz@st.swps.edu.pl","8","Unoszenie kącików w uśmiech ma sprawić, że będziemy w lepszym nastroju","Tomek","Kuba","2019-04-16",""
"2019/04/16 1:11:32 PM GMT","Wyrażam zgodzę","Kobieta","Psychologia","knapierala2@st.swps.edu.pl","5","odmięśniowe wzbudzanie emocji? ","Tomek","Kuba","2019-04-16",""
"2019/04/16 1:19:08 PM GMT","Wyrażam zgodzę","Mężczyzna","Psychologia","wopiola@st.swps.edu.pl","8","Nie rzumiem","Tomek","Kuba","2019-04-16",""
"2019/05/14 10:56:29 AM GMT","Wyrażam zgodzę","Kobieta","Psychologia","orlowska1@st.swps.edu.pl","6","Generalnie, pewnie chodzi o jakieś procesy poznawcze, spostrzeganie. Ale w sumie nie do końca wiem o co chodziło. ","Tomek","Kuba","2019-05-14",""
"2019/05/14 11:04:46 AM GMT","Wyrażam zgodzę","Mężczyzna","Psychologia","","8","Czucie mięsniowe wpływające na samopoczucie","Tomek","Kuba","2019-05-14",""
"2019/05/14 11:08:15 AM GMT","Wyrażam zgodzę","Mężczyzna","Psychologia","wadamczyk3@st.swps.edu.pl","6","W ogóle","Tomek","Kuba","2019-05-14",""
"2019/05/14 11:19:39 AM GMT","Wyrażam zgodzę","Mężczyzna","Psychologia","","5","generwanie emocji","Tomek","Kuba","2019-05-14",""
"2019/05/16 9:17:14 AM GMT","Wyrażam zgodzę","Kobieta","Grafika","kkaminska22@st.swps.edu.pl","8","sprawdzenie wplywu roznych bodzcow na reakcje fizjologiczne","Bogdan","Kuba","2019-05-16",""
"2019/05/16 9:53:26 AM GMT","Wyrażam zgodzę","Mężczyzna","Psychologia","awawrzyniak2@st.swps.edu.pl","7","nie rozumiem","Bogdan","Bogdan","2019-05-16",""
"2019/05/16 10:08:51 AM GMT","Wyrażam zgodzę","Mężczyzna","Psychologia","mfleszar@st.swps.edu.pl","7","badanie przewodnosci skory","Bogdan","Bogdan","2019-05-16","do wyrzucenia"
"2019/05/16 10:14:04 AM GMT","Wyrażam zgodzę","Kobieta","Psychologia","pmineeva@st.swps.edu.pl","7","nie mam pojęcia","Kuba","Bogdan","2019-05-16","ukr"
"2019/05/16 10:52:49 AM GMT","Wyrażam zgodzę","Kobieta","Grafika","godgodfrydowa@gmail.com","6","Jak uśmiechanie się wpływa na nastrój","Bogdan","Kuba","2019-05-16",""
"2019/05/17 8:10:03 AM GMT","Wyrażam zgodzę","Kobieta","Grafika","kmijalska@st.swps.edu.pl","6","nie rozumiem xd","Bogdan","Kuba","2019-05-16",""
"2019/05/17 8:38:20 AM GMT","Wyrażam zgodzę","Kobieta","Dziennikarstwo","ybondar@st.swps.edu.pl","6","nie wiem. ma zbadac moje odczycia w tej chwilii a cel nie wiem","Bogdan","Kuba","2019-05-16",""
"2019/05/17 8:45:55 AM GMT","Wyrażam zgodzę","Kobieta","Psychologia","","10","nie rozumiem","Bogdan","Kuba","2019-05-16",""
"2019/05/17 9:09:57 AM GMT","Wyrażam zgodzę","Mężczyzna","Psychologia","","7","badanie wpływu napiecia miesni twarzy na nastroj","Bogdan","Kuba","2019-05-16",""
"2019/05/17 9:13:51 AM GMT","Wyrażam zgodzę","Mężczyzna","Dziennikarstwo","","6","Nie rozumiem","Bogdan","Kuba","2019-05-16",""
"2019/05/17 9:17:57 AM GMT","Nie wyrażam zgody","Mężczyzna","Komunikacja i media","kamil.naszy@gmail.com","5","Spóźnię się na zajęcia","Bogdan","Tomek","2019-05-16",""
"2019/05/17 10:24:27 AM GMT","Wyrażam zgodzę","Kobieta","Grafika","akuchma@st.swps.edu.pl","8","sorawdzenie, czy to, że się uśmiecham wpływa na wynik i jak się czuję","Bogdan","Kuba","2019-05-16",""