"Sygnatura czasowa","Czy zgadasz się wziąć udział w badaniu?","Płeć","Jaki jest twój kierunek studiów?","Jeśli chcesz poznać wynik badania, proszę podać niżej swojego maila.","Oceń swój nastrój na podanej skali.","Jak rozumiesz cel tego badania?","Osoba rekrutująca","Przeprowadził/ła badanie","Data","Uwagi"
"2019/04/15 8:58:02 AM GMT","Wyrażam zgodzę","Mężczyzna","Grafika","dolszowski@st.swps.edu.pl","6","Badanie wpływu muzyki na nastrój badanego","Kuba","Kuba","2019-04-15",""
"2019/04/15 9:23:20 AM GMT","Wyrażam zgodzę","Kobieta","Grafika","","5","nie rozumiem ","Tomek","Kuba","2019-04-15",""
"2019/04/15 9:51:28 AM GMT","Wyrażam zgodzę","Kobieta","Psychologia","pwozny1@st.swps.edu.pl","4","wpływ dźwięku na odczuwany nastrój","Tomek","Kuba","2019-04-15",""
"2019/04/15 10:00:13 AM GMT","Wyrażam zgodzę","Mężczyzna","Psychologia","bglab@st.swps.edu.pl","6","Wpływ muzyki i reakcji mimicznych na nastrój.","Tomek","Kuba","2019-04-15",""
"2019/04/15 10:05:08 AM GMT","Wyrażam zgodzę","Mężczyzna","Psychologia","sbonk1@st.swps.edu.pl","7","wpływ napięcia mięśni na nastrój","Tomek","Kuba","2019-04-15","Osoba napinała mięśnie twarzy pomagając sobie palcami w przytrzymaniu kącików ust."
"2019/04/15 11:12:23 AM GMT","Wyrażam zgodzę","Kobieta","Komunikacja i media","tyszko42.wt@gmail.com","7","Jak muzyka wplywa na twoj nastroj?","Marzena","Bogdan","2019-04-15",""
"2019/04/15 11:24:24 AM GMT","Wyrażam zgodzę","Mężczyzna","Grafika","filip.musial1@gmail.com","9","oddziaływanie dźwięków na samopoczucie","Marzena","Bogdan","2019-04-15",""
"2019/04/15 11:45:19 AM GMT","Wyrażam zgodzę","Mężczyzna","Psychologia","jacobmustache@gmail.com","4","Sprawdzenie czy poprzez uśmiechanie się na siłę, de facto smutna muzyka poprawi nastrój.","Marzena","Bogdan","2019-04-15","był po 3 kawach"
"2019/04/15 11:57:14 AM GMT","Wyrażam zgodzę","Mężczyzna","Psychologia","mlebiedz@st.swps.edu.pl","9","wpływ muzyki na emocje","Marzena","Bogdan","2019-04-15",""
"2019/04/15 12:09:46 PM GMT","Wyrażam zgodzę","Kobieta","Psychologia","monika.hager@wp.pl","3","Nie wiem","Marzena","Bogdan","2019-04-15",""
"2019/04/15 12:15:13 PM GMT","Wyrażam zgodzę","Kobieta","Komunikacja i media","likayeltsova98@gmail.com","7","sprawdzić wpływ muzyki na nastrój ","Marzena","Bogdan","2019-04-15",""
"2019/04/15 1:38:02 PM GMT","Wyrażam zgodzę","Kobieta","Psychologia","kluskaa123@gmail.com","8","badanie ma na celu badać wpływ muzyki na mój nastrój","Marzena","Bogdan","2019-04-15",""
"2019/04/16 11:07:43 AM GMT","Wyrażam zgodzę","Kobieta","Psychologia","mfurmniak@st.swps.edu.pl","7","wpływ muzyki/ mimiki na nastrój ","Tomek","Kuba","2019-04-16",""
"2019/04/16 11:11:29 AM GMT","Wyrażam zgodzę","Kobieta","Psychologia","nsinkowska@st.swps.edu.pl","8","wpływ muzyki na nastrój ","Tomek","Tomek","2019-04-16",""
"2019/04/16 11:17:16 AM GMT","Wyrażam zgodzę","Kobieta","Komunikacja i media","arikashikay@gmail.com","10","Działanie muzyki na odczucia, zmiany jakie wynikają po odsłuchaniu muzyki relaksacyjnej/klasycznej.","Tomek","Kuba","2019-04-16",""
"2019/04/16 11:34:40 AM GMT","Wyrażam zgodzę","Mężczyzna","Psychologia","","7","Wpłyp mimiki twarzy na nastrój","Tomek","Kuba","2019-04-16",""
"2019/04/16 12:00:25 PM GMT","Wyrażam zgodzę","Kobieta","Psychologia","abuczek4@st.swps.edu.pl","6","Wymagane skupienie oraz wywoływanie pozytywnych reakcji","Tomek","Kuba","2019-04-16",""
"2019/04/16 12:09:04 PM GMT","Wyrażam zgodzę","Kobieta","Psychologia","","7","Połącznie wpływu na nastrój mimiki, a dźwieków w tle?","Tomek","Kuba","2019-04-16",""
"2019/04/16 12:55:23 PM GMT","Wyrażam zgodzę","Kobieta","Psychologia","natala.rk99@gmail.com","10","Według mnie celem badania może być oddziaływanie pewnego rodzaju dźwięków na nastrój.","Tomek","Kuba","2019-04-16",""
"2019/05/14 10:20:12 AM GMT","Wyrażam zgodzę","Mężczyzna","Psychologia","","7","Reakcja nastroju na bodźce dzwiękowe","Tomek","Kuba","2019-05-14",""
"2019/05/14 10:29:23 AM GMT","Wyrażam zgodzę","Mężczyzna","Psychologia","gmakarski@st.swps.edu.pl","8","Nie rozumiem","Tomek","Kuba","2019-05-14",""
"2019/05/14 11:14:32 AM GMT","Wyrażam zgodzę","Kobieta","Psychologia","epacykowska@st.swps.edu.pl","8","sprawdzenie pobudzenia i nastroju w zależności od ekspozycji na muzykę i mimiczne sprzężenie zwrotne","Tomek","Kuba","2019-05-14",""
"2019/05/14 11:28:23 AM GMT","Wyrażam zgodzę","Kobieta","Grafika","bkowal1@st.swps.edu.pl","8","wpływ tonów dźwięków na nastrój i poprzez ""wymusozny"" uśmiech poprawę jego wraz ze słyszanymi dźwiekami","Tomek","Kuba","2019-05-14",""
"2019/05/16 11:54:16 AM GMT","Wyrażam zgodzę","Mężczyzna","Grafika","smarek@st,swps.edu.pl","8","Nie rozumiem","Bogdan","Kuba","2019-05-16",""
"2019/05/16 12:11:23 PM GMT","Wyrażam zgodzę","Kobieta","Grafika","tymelawd@@gmail.com","7","sprawdzić reakcję na melodię?","Bogdan","Kuba","2019-05-16",""
"2019/05/17 8:20:29 AM GMT","Wyrażam zgodzę","Kobieta","Dziennikarstwo","kajaczerkiewska@gmail.com","4","nie rozumiem","Bogdan","Kuba","2019-05-16",""
"2019/05/17 8:24:14 AM GMT","Wyrażam zgodzę","Kobieta","Komunikacja i media","","5","Wplyw muzyki na nastroj","Bogdan","Kuba","2019-05-16",""
"2019/05/17 10:52:03 AM GMT","Wyrażam zgodzę","Kobieta","Dziennikarstwo","","6","Woływ dźwięków na nastroj","Bogdan","Kuba","2019-05-16",""
"2019/05/17 11:04:16 AM GMT","Wyrażam zgodzę","Kobieta","Komunikacja i media","ilutsenko@st.swps.edu.pl","3","nie rozumiem ","Bogdan","Kuba","2019-05-16",""
"2019/05/17 11:26:23 AM GMT","Wyrażam zgodzę","Mężczyzna","Psychologia","","8","wplyw dzwieku na nastroj","Bogdan","Kuba","2019-05-16",""